WCAG SC,ACR Assessment,ACR Summary,Issue Count
1.1.1,does-not-support,"Screen reader users experience challenges accessing image descriptions, alternative text, and tabular data due to missing or inadequate alt text, CSS markers, and media content support within various Drupal components.  This impacts content comprehension and usability.",13
1.2.2,does-not-support,"Users relying on screen readers experience difficulty accessing multimedia content due to inaccessible HTML tracks and audio/video track navigation, impacting content understanding and customization options. Lack of readily available and manageable transcripts presents a barrier for users with hearing impairments.",3
1.3.1,partially-supports,"Okay, here’s the completed assessment based on the provided information, adhering strictly to the instructions and output format:

**LEVEL:** does-not-support

**REMARKS:**  Multiple open issues indicate significant accessibility barriers for screen reader users across form elements, tables, and messaging. Specifically, challenges exist with required field identification, tabular data interpretation, required field communication, status indication, and feedback for completed operations.  These issues collectively impair usability and potentially impact data accuracy.

**ISSUES:** 1.3.1-01, 1.3.1-02, 1.3.1-03, 1.3.1-04, 1.3.1-05, 1.3.1-06, 1.3.1-07, 1.3.1-08, 1.3.1-09, 1.3.1-10, 1.3.1-11, 1.3.1-12, 1.3.1-13, 1.3.1-14, 1.3.1-15, 1.3.1-16, 1.3.1-17, 1.3.1-18, 1.3.1-19, 1.3.1-20, 1.3.1-21, 1.3.1-22, 1.3.1-23, 1.3.1-24, 1.3.1-25, 1.3.1-26, 1.3.1-27, 1.3.1-28, 1.3.1-29
",24
1.3.3,partially-supports,Users may experience difficulty navigating the footer menu system due to the visual separation of top-level items and their submenus. This can impact efficient access for users with low vision or those utilizing screen magnification.,1
1.3.4,partially-supports,"The manifest.json file generation process requires attention to ensure sufficient alternative descriptions and labels are provided for screen reader users, as this file is critical for assistive technology interpretation.",1
1.3.5,does-not-support,"The product currently exhibits accessibility barriers impacting autocomplete functionality. Specifically, a replacement of a jQuery UI component introduces potential accessibility issues and IME users on Android may experience search interruptions.",2
1.4.1,does-not-support,"Multiple open issues indicate accessibility barriers related to taxonomy navigation, error messaging, content presentation, icon labeling, sorting, and UI interactions. These issues could negatively impact users with disabilities’ ability to effectively utilize key functionality.",9
1.4.10,does-not-support,"Multiple issues indicate potential barriers to accessibility for users of this product. Concerns include persistent Inline Form Error displays, layout disruptions with text resizing, challenges with tabular data interpretation, magnification issues, disrupted sub-menu navigation, and overlapping content on small screens.",7
1.4.11,does-not-support,"Multiple accessibility barriers exist related to insufficient color contrast, inadequate button size, and unclear UI elements impacting users with low vision and those utilizing assistive technology. These issues affect functionality across various components, requiring further investigation.",11
1.4.12,does-not-support,"Users relying on screen readers may experience difficulty accessing content within off-canvas dialogs due to inadequate focus management and keyboard navigation, impacting understanding and interaction.",1
1.4.3,partially-supports,"The link panel’s potential contrast issue may present a barrier for users with low vision, impacting their ability to distinguish links and navigate the website effectively.",1
1.4.4,does-not-support,"Users may experience difficulty navigating hierarchical select lists and activating shortcut action links due to limited visual hierarchy and available space, potentially impeding selection and interaction.",2
2.1.1,does-not-support,"Multiple open issues indicate significant accessibility barriers impacting keyboard navigation, screen reader users, and interactions with menus, tooltips, and datepickers. These issues create potential difficulties for users with motor impairments and those relying on assistive technologies for accessing content and functionality.",15
2.1.2,does-not-support,"Users may experience difficulty navigating away from toolbar sub-menus using a keyboard, potentially impeding task completion and access to other application features.",1
2.2.2,does-not-support,"Users who prefer reduced motion may experience distraction or disorientation due to animations, potentially causing discomfort and difficulty. The product’s current implementation lacks support for this user preference, creating a barrier.",1
2.3.3,does-not-support,"The system’s reliance on animations and transitions presents a potential barrier for users sensitive to motion. Specifically, the website’s behavior may conflict with user-configured “reduce motion” settings and the system lacks a mechanism to reduce or disable animation effects.",2
2.4.11,does-not-support,"The website exhibits accessibility barriers, specifically a focus trap issue impacting keyboard navigation and a horizontal scrollbar issue within the media library dialog experienced with Windows high contrast mode. These issues present challenges for users with disabilities.",2
2.4.2,does-not-support,Page navigation and content comprehension are impaired due to insufficient contextual information provided by page titles and the lack of clear visual indicators for active workspaces. These issues impact screen reader users’ ability to effectively utilize the interface.,3
2.4.3,does-not-support,"Multiple open issues indicate significant accessibility barriers related to keyboard navigation, assistive technology interaction, and content focus management. These issues impact user experience and potentially prevent effective access to core functionality.",9
2.4.4,does-not-support,"Users may experience barriers accessing functionality related to comments, links, and drop buttons. These issues require remediation to ensure full accessibility.",3
2.4.6,does-not-support,"Users with screen reader technology may experience difficulty understanding page structure and form navigation due to identified accessibility barriers, impacting content comprehension and potentially preventing effective interaction.",3
2.4.7,does-not-support,"Multiple open issues related to focus management, screen reader compatibility, and navigation disruptions create significant barriers for users with disabilities. Issues impact key functionality including popups, tables, form interactions, and search.",12
2.4.9,does-not-support,"Users may experience difficulty accessing update information due to inadequate link text on the updates page, potentially hindering navigation for users of assistive technologies.",1
2.5.1,does-not-support,"The system exhibits accessibility barriers related to table drag-and-drop functionality, drag-and-drop grid interfaces, and form element clarity. These issues may impede interaction and usability for users with various disabilities.",3
2.5.2,does-not-support,"Interactive elements may present barriers for users of keyboard navigation or assistive technologies due to potential issues with JavaScript behaviours, AJAX interactions, and reliance on 'mousedown' events. These issues require further investigation and resolution.",4
2.5.3,does-not-support,"Screen reader users may experience difficulty due to redundant titles, misassociated form labels, unclear Entity List Builder link labels, and ambiguous action names within the EntityOperation views plugin. These issues negatively impact navigation and functionality.",4
2.5.5,does-not-support,The “Claro” element’s accessibility is currently undetermined due to a lack of specific details. Investigation is needed to assess potential barriers for users with disabilities and their impact on functionality.,1
2.5.8,does-not-support,Interactive elements may present challenges for users with low vision due to potential contrast and size issues. These factors could impede effective interaction with website functionality.,2
3.1.2,does-not-support,"Several open issues indicate significant barriers to accessibility for users relying on assistive technologies. These include challenges with language identification, translation accuracy, and appropriate labeling of interactive elements, impacting content comprehension and navigation.",11
3.2.1,does-not-support,"Users accessing the application on smaller screen sizes may experience navigation challenges due to collapsing vertical tabs, potentially hindering effective application navigation.",1
3.2.2,does-not-support,"Users relying on assistive technology may encounter difficulties accessing and navigating content within lists when JavaScript-based search/filtering is implemented without appropriate accessibility considerations, impacting effective information retrieval.",1
3.2.3,does-not-support,"The website exhibits accessibility barriers impacting navigation, filtering, and core administrative functions. Specifically, issues related to layout builder scrolling, module uninstall filtering, admin list inconsistencies, tab resizing, and the ""Add Content"" link presentation present significant challenges for users, particularly those utilizing assistive technologies.",5
3.2.5,does-not-support,"Dynamic dialogs implemented with jQuery UI present accessibility barriers for screen reader users, impacting discoverability and focus management, potentially hindering usability for users with cognitive disabilities.",1
3.3.1,does-not-support,"Form submission failures, unclear error states, and inconsistent error messaging present accessibility barriers for users relying on assistive technologies.  Lack of clear visual and programmatic indication of file status and missing alternative text descriptions further impede access to content and functionality.",17
3.3.2,does-not-support,"Screen reader users experience challenges with CKEditor 5, filter configuration, search filters, and admin list filters due to missing or inconsistent accessible labels and aria attributes, impeding effective interaction and navigation.",4
3.3.6,does-not-support,Users may experience barriers when requiring a distraction-free editing environment due to the absence of a full-screen mode. This limitation could negatively impact users with cognitive disabilities.,1
4.1.1,does-not-support,The system exhibits potential accessibility barriers related to form control grouping and search functionality. Validation issues and reported A11y test failures require further investigation to ensure full compliance with accessibility standards.,2
4.1.2,does-not-support,"Numerous open issues indicate significant accessibility barriers across the application. These include difficulties for screen reader users with pagination controls, submenu navigation, filter interactions, form labels, layout builder elements, modal states, tab interactions, and tabular data.  Unclear semantic structure and missing ARIA roles contribute to inconsistent and potentially confusing user experiences.",40
4.1.3,does-not-support,"Users relying on screen readers experience barriers related to asynchronous updates, dynamic filters, view state changes, Dropbutton states, button functionality descriptions, and Claro theme installation status messages. These issues impact understanding and navigation.",6
General,partially-supports,"Okay, here’s the output based on the provided information, adhering to the strict instructions and focusing on a conservative, factual assessment suitable for legal and compliance review.

**LEVEL:** does-not-support

**REMARKS:**  Multiple open accessibility issues indicate potential barriers for users with disabilities. Concerns include difficulties with navigation, toolbar interaction, table rendering, visual disruptions, and missing ARIA attributes, impacting screen reader and keyboard accessibility. Further investigation is required to fully understand the scope and impact of these issues.

**ISSUES:** - A11y-001, - A11y-003, - A11y-005, - A11y-006, - A11y-007, - A11y-008, - A11y-009, - A11y-010, - A11y-011, - A11y-012, - A11y-013, - A11y-014, - A11y-015, - A11y-016, - A11y-017, - A11y-018, - A11y-019, - A11y-020, - A11y-021, - A11y-022, - A11y-023, - A11y-024, - A11y-025, - A11y-026, - A11y-027, - A11y-028, - A11y-029, - A11y-030
",28
